
--Hotel Chains

INSERT INTO ehotel.hotelchain (hcid,hotel_chain_name,street_number,street_name,apt_number,city,hc_state,zip,num_hotels) 
VALUES (1,'Magna Hotels',3586, 'Netus Road',32,'Carson City','NV','87143',0),
(2,'Nisi Hotels',611,'Vehicula Rd.',55,'Louisville','Kentucky','84522',0),
(3,'Sagittis Corporation',404,'Eleifend Street',41,'Chattanooga','TN','72781',0),
(4,'Velit Hotels Inc',1362, 'Risus Avenue',46,'Salt Lake City','Utah','42153',0),
(5,'Parturient',9466, 'Sem Street',56,'Pike Creek','DE','77621',0);



--Hotels
--MISSING MANAGER ID (TODO)
--First 2 hotels are in the same city + same state

INSERT INTO ehotel.hotel (hid,hcid,hotel_name,manager,category,num_rooms,street_number,street_name,apt_number,city,h_state,zip,email) 
VALUES (1,'1','Magna Lorem Ipsum LLC','TODO',3,0,4580, 'Eleifend. Road',31,'San Francisco','CA','92781','Duis@Nulla.net'),
(2,'1','Sollicitudin Inc.','TODO',2,0,4691,'Ac Road',25,'San Francisco','CA','18041','neque.et@auctor.edu'),
(3,'1','Cursus Luctus Ipsum Inc.','TODO',5,0,1540,'Vivamus Rd.',19,'Columbia','MD','44049','eget.metus@Nunc.org'),
(4,'1','Mi LLP','TODO',3,0,9336,'Dictum Ave',18,'Naperville','Illinois','16136','eu.tellus@Curabitursedtortor.org'),
(5,'1','Id Magna Industries','TODO',2,0,7589,'Etiam St.',67,'Biloxi','Mississippi','31789','ornare@sociisnatoquepenatibus.ca'),
(6,'1','Cursus Purus Nullam LLC','TODO',3,0,2739,'Interdum Rd.',2,'Bloomington','MN','64327','ut.nisi.a@hendrerita.co.uk'),
(7,'1','Lorem Ipsum Associates','TODO',2,0,1927,'Augue St.',15,'Newark','DE','38190','Sed.eu@consequat.net'),
(8,'1','Bibendum Fermentum Metus Consulting','TODO',4,0,1597,'Et Avenue',77,'Glendale','Arizona','86288','metus.In@Integervitae.co.uk'),
(9,'2','Donec Porttitor Limited','TODO',1,0,9919,'Ut Street',30,'Lincoln','NE','36647','egestas.Fusce@elit.ca'),
(10,'2','Duis A Ltd','TODO',1,0,2292,'Neque. St.',98,'West Valley City','Utah','72147','magna.nec@duinec.co.uk'),
(11,'2','Elit Erat Vitae Consulting','TODO',5,0,1315,'Neque Av.',91,'Montgomery','AL','35959','eget.ipsum.Donec@elitpede.co.uk'),
(12,'2','Magnis Dis Parturient Consulting','TODO',1,0,1494,'Pharetra Rd.',25,'Sandy','Utah','50384','egestas.a.scelerisque@Crasloremlorem.edu'),
(13,'2','Ac Corp.','TODO',3,0,8741,'Lorem Ave',54,'Augusta','Maine','77315','sollicitudin@conguea.edu'),
(14,'2','Donec Est Institute','TODO',3,0,8061,'Aliquet St.',55,'Hilo','Hawaii','19507','ornare.facilisis.eget@musAeneaneget.edu'),
(15,'2','Hendrerit A Industries','TODO',4,0,2650,'Nunc. Street',8,'Baton Rouge','Louisiana','84237','Sed.auctor.odio@cubiliaCuraeDonec.com'),
(16,'2','Ac LLP','TODO',3,0,5922,'Viverra. Rd.',78,'South Portland','Maine','75370','Sed.diam@iaculisaliquetdiam.co.uk'),
(17,'3','Nibh Aliquam Ornare Institute','TODO',4,0,704,'Donec Rd.',24,'Chattanooga','TN','54109','varius@cursusin.edu'),
(18,'3','Hendrerit Institute','TODO',4,0,528,'Magna Rd.',14,'Hilo','Hawaii','65640','elit@condimentumeget.ca'),
(19,'3','Turpis Company','TODO',2,0,6725,'Vitae St.',29,'Reno','Nevada','94615','sagittis.lobortis@elementum.edu'),
(20,'3','Eget Varius Corporation','TODO',2,0,804,'Donec Road',51,'Broken Arrow','Oklahoma','87524','mi@augue.com'),
(21,'3','Purus Mauris A LLC','TODO',2,0,6194,'Convallis Avenue',12,'Davenport','IA','16732','Morbi.metus@interdumNuncsollicitudin.edu'),
(22,'3','Arcu LLC','TODO',2,0,762,'Penatibus Street',65,'Great Falls','Montana','80189','suscipit.nonummy@Duis.org'),
(23,'3','Nec Company','TODO',3,0,2146,'Varius Street',34,'Bridgeport','CT','85569','metus.Vivamus@Vivamussit.com'),
(24,'3','Ipsum Ltd','TODO',5,0,3236,'Per Ave',64,'Lansing','MI','72258','erat@acarcu.org'),
(25,'4','Aliquet Institute','TODO',5,0,467,'Eu Av.',46,'Knoxville','TN','98815','amet.risus@idmollisnec.com'),
(26,'4','Ante Nunc Corp.','TODO',5,0,6905,'Phasellus Av.',21,'Sacramento','California','92111','nulla.In.tincidunt@Aeneangravida.edu'),
(27,'4','Pede Et Risus Incorporated','TODO',1,0,841,'Magna. Road',1,'Shreveport','Louisiana','73563','tempus.non@magnaLoremipsum.org'),
(28,'4','Natoque Penatibus Et Limited','TODO',1,0,361,'Amet St.',38,'Olympia','WA','72662','posuere@eu.ca'),
(29,'4','Nec Eleifend Non Foundation','TODO',5,0,1825,'Tempus Road',42,'Dover','DE','64922','mi.eleifend.egestas@lorem.net'),
(30,'4','Imperdiet Ornare In Inc.','TODO',2,0,840,'Vitae, St.',41,'Denver','CO','52809','ipsum.Phasellus@eunibh.co.uk'),
(31,'4','Vel Vulputate Eu Incorporated','TODO',1,0,686,'Id Rd.',53,'Colchester','Vermont','24724','Duis.ac.arcu@mi.com'),
(32,'4','Vulputate Corporation','TODO',1,0,184,'Nulla Street',31,'Akron','OH','70487','Donec@magnaa.edu'),
(33,'5','Elit Pede Ltd','TODO',3,0,1445,'Sem Avenue',2,'Southaven','MS','15029','risus@ornare.ca'),
(34,'5','Nonummy Ultricies Ornare LLP','TODO',4,0,7255,'Sit Road',56,'Des Moines','Iowa','48029','sollicitudin.adipiscing@sollicitudincommodoipsum.co.uk'),
(35,'5','Urna Convallis Erat Incorporated','TODO',2,0,431,'Cras Road',90,'North Las Vegas','Nevada','26059','volutpat.nunc.sit@aliquamarcuAliquam.org'),
(36,'5','Id Corporation','TODO',3,0,8060,'Odio. Rd.',4,'Fort Worth','TX','50595','ac.risus@Ut.com'),
(37,'5','Mauris Blandit Industries','TODO',2,0,816,'Nec St.',68,'Mobile','Alabama','35141','vitae.aliquet@consectetuer.org'),
(38,'5','Duis A Company','TODO',3,0,8778,'Duis Rd.',93,'Hattiesburg','Mississippi','86185','vitae@blanditat.edu'),
(39,'5','Mattis Limited','TODO',4,0,151,'Orci, Ave',91,'Miami','FL','84133','lorem.vehicula@metusurna.ca'),
(40,'5','Tempus Scelerisque Lorem Company','TODO',4,0,205,'Egestas Road',44,'Boise','ID','22123','et.malesuada.fames@feugiat.net');



--Rooms

INSERT INTO ehotel.room (rid,room_num,hid,price,capacity,landscape,isextandable) 
VALUES (1,232,'1','873.43',4,'0','true'),(2,121,'1','685.01',4,'1','false'),(3,274,'1','746.83',3,'0','true'),(4,186,'1','237.63',2,'1','false'),(5,181,'1','532.81',3,'0','true'),(6,106,'2','735.99',1,'1','false'),(7,213,'2','108.99',4,'0','true'),(8,286,'2','718.14',5,'1','false'),(9,116,'2','955.26',4,'0','true'),(10,202,'2','632.83',6,'1','false'),(11,160,'3','251.20',1,'0','true'),(12,111,'3','125.34',6,'1','false'),(13,166,'3','257.50',4,'0','true'),(14,174,'3','241.59',6,'1','false'),(15,292,'3','628.25',5,'0','true'),(16,207,'4','389.39',6,'1','false'),(17,211,'4','490.33',2,'0','true'),(18,186,'4','120.68',2,'1','false'),(19,154,'4','935.30',1,'0','true'),(20,166,'4','238.23',1,'1','false'),(21,250,'5','136.49',2,'0','true'),(22,253,'5','494.62',1,'1','false'),(23,150,'5','949.69',1,'0','true'),(24,297,'5','329.44',6,'1','false'),(25,194,'5','382.29',3,'0','true'),(26,106,'6','371.46',6,'1','false'),(27,274,'6','397.19',6,'0','true'),(28,210,'6','707.07',2,'1','false'),(29,254,'6','817.60',4,'0','true'),(30,154,'6','810.65',3,'1','false'),(31,240,'7','676.71',1,'0','true'),(32,263,'7','393.91',3,'1','false'),(33,162,'7','666.16',3,'0','true'),(34,207,'7','491.88',6,'1','false'),(35,143,'7','034.61',3,'0','true'),(36,243,'8','194.13',1,'1','false'),(37,235,'8','474.77',2,'0','true'),(38,221,'8','278.63',5,'1','false'),(39,135,'8','013.80',6,'0','true'),(40,236,'8','220.50',1,'1','false'),(41,195,'9','998.56',1,'0','true'),(42,236,'9','043.03',4,'1','false'),(43,219,'9','716.26',5,'0','true'),(44,110,'9','693.83',6,'1','false'),(45,260,'9','982.11',3,'0','true'),(46,243,'10','583.63',3,'1','false'),(47,234,'10','309.37',4,'0','true'),(48,240,'10','211.12',4,'1','false'),(49,209,'10','069.23',4,'0','true'),(50,291,'10','366.68',4,'1','false'),(51,261,'11','487.54',6,'0','true'),(52,137,'11','361.76',3,'1','false'),(53,261,'11','261.69',1,'0','true'),(54,285,'11','133.62',5,'1','false'),(55,165,'11','150.90',2,'0','true'),(56,176,'12','093.26',3,'1','false'),(57,147,'12','899.82',3,'0','true'),(58,205,'12','628.84',2,'1','false'),(59,274,'12','149.33',1,'0','true'),(60,120,'12','111.41',6,'1','false'),(61,295,'13','287.09',5,'0','true'),(62,121,'13','669.32',5,'1','false'),(63,170,'13','932.47',5,'0','true'),(64,258,'13','470.33',4,'1','false'),(65,227,'13','702.57',3,'0','true'),(66,154,'14','559.65',3,'1','false'),(67,192,'14','435.68',6,'0','true'),(68,234,'14','414.40',4,'1','false'),(69,285,'14','449.44',3,'0','true'),(70,160,'14','678.05',4,'1','false'),(71,217,'15','892.57',5,'0','true'),(72,164,'15','053.26',3,'1','false'),(73,118,'15','691.36',5,'0','true'),(74,257,'15','345.81',4,'1','false'),(75,166,'15','413.67',3,'0','true'),(76,211,'16','698.08',3,'1','false'),(77,298,'16','348.57',4,'0','true'),(78,132,'16','431.32',6,'1','false'),(79,151,'16','885.05',4,'0','true'),(80,234,'16','144.45',1,'1','false'),(81,197,'17','491.30',4,'0','true'),(82,167,'17','272.33',4,'1','false'),(83,200,'17','358.95',2,'0','true'),(84,177,'17','315.81',5,'1','false'),(85,123,'17','196.45',2,'0','true'),(86,207,'18','609.19',2,'1','false'),(87,205,'18','923.12',4,'0','true'),(88,257,'18','396.68',6,'1','false'),(89,241,'18','311.46',5,'0','true'),(90,279,'18','97.99',4,'1','false'),(91,106,'19','522.90',1,'0','true'),(92,255,'19','964.50',3,'1','false'),(93,171,'19','453.49',6,'0','true'),(94,297,'19','529.69',3,'1','false'),(95,266,'19','465.61',5,'0','true'),(96,113,'20','817.80',3,'1','false'),(97,254,'20','054.74',1,'0','true'),(98,119,'20','640.49',1,'1','false'),(99,284,'20','927.69',6,'0','true'),(100,281,'20','228.57',5,'1','false'),
(101,231,'21','712.03',2,'1','true'),(102,141,'21','973.96',6,'0','false'),(103,247,'21','397.33',5,'1','true'),(104,261,'21','592.35',3,'0','false'),(105,280,'21','054.30',6,'1','true'),(106,264,'22','890.51',6,'0','false'),(107,297,'22','509.04',4,'1','true'),(108,197,'22','793.91',1,'0','false'),(109,273,'22','574.76',1,'1','true'),(110,117,'22','582.91',3,'0','false'),(111,185,'23','996.54',5,'1','true'),(112,268,'23','868.44',2,'0','false'),(113,265,'23','859.51',5,'1','true'),(114,181,'23','504.06',3,'0','false'),(115,128,'23','813.91',6,'1','true'),(116,180,'24','459.62',1,'0','false'),(117,105,'24','873.64',1,'1','true'),(118,123,'24','445.63',4,'0','false'),(119,110,'24','190.08',3,'1','true'),(120,291,'24','241.86',2,'0','false'),(121,155,'25','965.79',2,'1','true'),(122,106,'25','842.16',3,'0','false'),(123,230,'25','897.70',5,'1','true'),(124,288,'25','377.07',4,'0','false'),(125,116,'25','165.55',4,'1','true'),(126,206,'26','580.32',1,'0','false'),(127,246,'26','607.78',5,'1','true'),(128,203,'26','729.76',6,'0','false'),(129,103,'26','213.00',4,'1','true'),(130,238,'26','310.88',5,'0','false'),(131,107,'27','333.06',6,'1','true'),(132,118,'27','984.36',6,'0','false'),(133,177,'27','121.61',2,'1','true'),(134,197,'27','831.09',3,'0','false'),(135,106,'27','493.35',4,'1','true'),(136,238,'28','510.46',4,'0','false'),(137,132,'28','767.34',6,'1','true'),(138,267,'28','262.82',6,'0','false'),(139,248,'28','015.16',6,'1','true'),(140,295,'28','878.12',5,'0','false'),(141,154,'29','861.30',2,'1','true'),(142,290,'29','777.23',1,'0','false'),(143,235,'29','209.07',4,'1','true'),(144,241,'29','736.83',4,'0','false'),(145,151,'29','825.50',4,'1','true'),(146,299,'30','104.39',3,'0','false'),(147,109,'30','593.52',6,'1','true'),(148,265,'30','515.77',6,'0','false'),(149,160,'30','300.27',4,'1','true'),(150,159,'30','624.00',1,'0','false'),(151,258,'31','790.17',3,'1','true'),(152,219,'31','978.81',3,'0','false'),(153,235,'31','953.44',1,'1','true'),(154,191,'31','256.93',2,'0','false'),(155,256,'31','937.58',3,'1','true'),(156,181,'32','853.72',4,'0','false'),(157,143,'32','965.86',2,'1','true'),(158,203,'32','716.63',1,'0','false'),(159,239,'32','042.44',1,'1','true'),(160,246,'32','474.99',6,'0','false'),(161,150,'33','835.44',6,'1','true'),(162,271,'33','402.90',1,'0','false'),(163,265,'33','844.65',2,'1','true'),(164,292,'33','188.56',3,'0','false'),(165,109,'33','771.60',1,'1','true'),(166,179,'34','276.67',2,'0','false'),(167,152,'34','939.62',2,'1','true'),(168,242,'34','843.12',2,'0','false'),(169,236,'34','991.23',3,'1','true'),(170,272,'34','425.59',3,'0','false'),(171,113,'35','412.02',1,'1','true'),(172,105,'35','296.22',3,'0','false'),(173,124,'35','902.15',4,'1','true'),(174,275,'35','475.25',4,'0','false'),(175,293,'35','916.92',3,'1','true'),(176,278,'36','598.49',2,'0','false'),(177,297,'36','981.93',4,'1','true'),(178,189,'36','528.30',6,'0','false'),(179,198,'36','438.50',2,'1','true'),(180,244,'36','258.87',3,'0','false'),(181,164,'37','838.30',4,'1','true'),(182,234,'37','302.45',1,'0','false'),(183,238,'37','519.39',6,'1','true'),(184,281,'37','125.11',1,'0','false'),(185,100,'37','675.45',1,'1','true'),(186,114,'38','692.30',1,'0','false'),(187,145,'38','142.85',2,'1','true'),(188,233,'38','668.02',3,'0','false'),(189,292,'38','670.83',6,'1','true'),(190,102,'38','315.94',1,'0','false'),(191,159,'39','402.68',4,'1','true'),(192,209,'39','911.40',6,'0','false'),(193,194,'39','847.81',5,'1','true'),(194,123,'39','311.74',5,'0','false'),(195,235,'39','927.25',5,'1','true'),(196,223,'40','140.40',6,'0','false'),(197,149,'40','230.21',3,'1','true'),(198,244,'40','821.50',3,'0','false'),(199,227,'40','930.38',3,'1','true'),(200,271,'40','900.93',5,'0','false');



--INSERT INTO "room" (rid,room_num,hid,price,capacity,landscape,isextandable) 
--VALUES (1,269,'1','310.19',4,1,'true'),(2,146,'1','902.57',5,1,'false'),(3,249,'1','758.28',5,1,'true'),(4,294,'1','886.74',2,1,'false'),(5,279,'1','961.50',6,0,'true'),(6,186,'2','099.10',4,0,'false'),(7,299,'2','440.85',1,1,'true'),(8,256,'2','736.58',1,1,'false'),(9,168,'2','919.44',2,0,'true'),(10,252,'2','904.84',4,0,'false'),(11,294,'3','912.15',6,1,'true'),(12,167,'3','455.83',5,1,'false'),(13,187,'3','327.94',4,0,'true'),(14,262,'3','477.07',6,1,'false'),(15,145,'3','722.44',6,1,'true'),(16,227,'4','462.68',4,1,'false'),(17,186,'4','425.59',2,0,'true'),(18,205,'4','767.13',6,0,'false'),(19,226,'4','607.64',3,1,'true'),(20,140,'4','587.63',2,0,'false'),(21,174,'5','882.26',1,0,'true'),(22,156,'5','670.03',1,1,'false'),(23,239,'5','817.57',2,0,'true'),(24,119,'5','185.04',6,0,'false'),(25,140,'5','663.19',6,0,'true'),(26,144,'6','919.25',1,0,'false'),(27,282,'6','054.44',4,1,'true'),(28,297,'6','134.96',6,1,'false'),(29,244,'6','709.29',4,0,'true'),(30,175,'6','814.81',6,1,'false'),(31,207,'7','761.11',6,0,'true'),(32,202,'7','231.83',1,1,'false'),(33,144,'7','090.69',5,1,'true'),(34,287,'7','138.50',2,1,'false'),(35,249,'7','318.25',2,0,'true'),(36,205,'8','263.92',1,1,'false'),(37,285,'8','123.92',2,0,'true'),(38,130,'8','948.28',3,0,'false'),(39,181,'8','332.05',6,0,'true'),(40,246,'8','866.64',5,1,'false'),(41,195,'9','282.08',4,0,'true'),(42,197,'9','694.91',5,0,'false'),(43,195,'9','704.23',6,0,'true'),(44,241,'9','387.22',6,0,'false'),(45,270,'9','812.24',3,1,'true'),(46,100,'10','161.67',1,1,'false'),(47,203,'10','337.95',6,0,'true'),(48,245,'10','340.62',6,1,'false'),(49,120,'10','872.21',5,1,'true'),(50,262,'10','265.16',2,1,'false'),
--(51,260,'31','456.02',3,0,'true'),(52,112,'31','766.85',2,0,'false'),(53,243,'31','552.66',1,0,'true'),(54,227,'31','840.14',6,0,'false'),(55,189,'31','242.78',3,1,'true'),(56,255,'32','578.29',6,0,'false'),(57,165,'32','981.56',5,1,'true'),(58,221,'32','479.91',3,1,'false'),(59,110,'32','364.03',2,0,'true'),(60,163,'32','785.79',6,1,'false'),(61,283,'33','224.33',2,1,'true'),(62,299,'33','410.90',3,0,'false'),(63,118,'33','469.57',4,0,'true'),(64,103,'33','834.31',3,0,'false'),(65,128,'33','929.94',3,0,'true'),(66,262,'34','666.56',4,0,'false'),(67,129,'34','010.13',2,1,'true'),(68,172,'34','997.41',5,1,'false'),(69,141,'34','870.35',1,0,'true'),(70,202,'34','936.16',2,1,'false'),(71,155,'35','998.90',2,0,'true'),(72,178,'35','142.35',6,1,'false'),(73,113,'35','177.43',1,0,'true'),(74,122,'35','376.81',5,1,'false'),(75,250,'35','523.79',3,1,'true'),(76,213,'36','879.76',6,1,'false'),(77,183,'36','783.85',2,0,'true'),(78,153,'36','178.91',2,1,'false'),(79,103,'36','101.87',5,0,'true'),(80,248,'36','439.50',6,0,'false'),(81,125,'37','361.25',6,1,'true'),(82,142,'37','820.00',3,0,'false'),(83,294,'37','917.83',4,0,'true'),(84,183,'37','728.87',3,1,'false'),(85,274,'37','600.25',4,1,'true'),(86,280,'38','350.75',6,1,'false'),(87,109,'38','634.21',5,1,'true'),(88,253,'38','052.70',6,1,'false'),(89,153,'38','204.98',1,0,'true'),(90,266,'38','366.84',4,1,'false'),(91,206,'39','215.03',1,1,'true'),(92,293,'39','446.51',6,1,'false'),(93,300,'39','552.58',2,0,'true'),(94,118,'39','663.75',3,0,'false'),(95,120,'39','123.09',2,0,'true'),(96,285,'40','656.14',6,1,'false'),(97,159,'40','481.47',3,0,'true'),(98,106,'40','709.51',3,0,'false'),(99,108,'40','575.33',5,1,'true'),(100,211,'40','506.49',3,0,'false'),
--(101,168,'11','117.30',4,0,'true'),(102,184,'11','994.41',2,0,'false'),(103,133,'11','660.12',1,1,'true'),(104,162,'11','925.10',4,0,'false'),(105,196,'11','064.73',2,1,'true'),(106,243,'12','083.57',2,1,'false'),(107,240,'12','788.52',2,1,'true'),(108,132,'12','230.54',4,1,'false'),(109,130,'12','317.11',5,0,'true'),(110,170,'12','584.35',6,0,'false'),(111,159,'13','558.22',6,0,'true'),(112,274,'13','015.41',6,0,'false'),(113,224,'13','220.28',1,1,'true'),(114,182,'13','318.72',4,0,'false'),(115,300,'13','917.11',2,0,'true'),(116,182,'14','990.21',6,0,'false'),(117,209,'14','297.04',5,1,'true'),(118,231,'14','429.62',6,0,'false'),(119,143,'14','816.87',3,0,'true'),(120,202,'14','345.33',2,0,'false'),(121,267,'15','260.31',6,0,'true'),(122,203,'15','365.82',4,1,'false'),(123,218,'15','314.86',5,0,'true'),(124,224,'15','487.77',4,0,'false'),(125,226,'15','068.01',3,0,'true'),(126,142,'16','790.03',6,0,'false'),(127,112,'16','719.67',3,1,'true'),(128,185,'16','314.74',2,0,'false'),(129,140,'16','708.69',4,0,'true'),(130,104,'16','252.60',5,0,'false'),(131,292,'17','676.66',5,1,'true'),(132,283,'17','370.96',1,1,'false'),(133,260,'17','537.30',1,0,'true'),(134,193,'17','479.18',6,0,'false'),(135,140,'17','199.83',1,1,'true'),(136,250,'18','215.49',2,1,'false'),(137,113,'18','614.60',6,0,'true'),(138,167,'18','892.59',1,0,'false'),(139,114,'18','933.37',4,0,'true'),(140,220,'18','228.55',4,0,'false'),(141,224,'19','814.64',4,0,'true'),(142,200,'19','941.29',4,0,'false'),(143,110,'19','692.34',1,1,'true'),(144,287,'19','765.62',4,1,'false'),(145,293,'19','896.44',5,0,'true'),(146,161,'20','228.01',1,0,'false'),(147,125,'20','771.06',4,1,'true'),(148,113,'20','297.21',6,0,'false'),(149,112,'20','278.06',4,0,'true'),(150,266,'20','605.37',2,1,'false'),
--(151,213,'21','341.52',1,1,'true'),(152,298,'21','045.27',5,0,'false'),(153,148,'21','429.54',2,1,'true'),(154,109,'21','818.13',5,0,'false'),(155,153,'21','893.04',4,0,'true'),(156,295,'22','925.36',3,0,'false'),(157,266,'22','242.02',2,0,'true'),(158,251,'22','315.76',3,0,'false'),(159,222,'22','082.06',3,0,'true'),(160,245,'22','306.19',5,1,'false'),(161,295,'23','981.76',2,1,'true'),(162,148,'23','340.37',1,1,'false'),(163,268,'23','617.40',1,0,'true'),(164,260,'23','680.68',6,0,'false'),(165,284,'23','308.40',1,1,'true'),(166,171,'24','149.52',5,0,'false'),(167,139,'24','361.79',1,1,'true'),(168,145,'24','453.94',1,1,'false'),(169,290,'24','812.18',6,1,'true'),(170,235,'24','878.00',1,0,'false'),(171,218,'25','523.72',4,0,'true'),(172,232,'25','84.46',1,0,'false'),(173,126,'25','210.32',2,0,'true'),(174,267,'25','185.12',2,1,'false'),(175,183,'25','109.16',2,0,'true'),(176,223,'26','505.28',5,0,'false'),(177,241,'26','294.15',5,0,'true'),(178,151,'26','729.70',3,0,'false'),(179,159,'26','733.87',5,1,'true'),(180,157,'26','754.21',3,1,'false'),(181,157,'27','811.44',2,1,'true'),(182,219,'27','348.74',5,0,'false'),(183,172,'27','962.30',1,0,'true'),(184,268,'27','275.99',3,0,'false'),(185,129,'27','367.50',2,1,'true'),(186,236,'28','147.15',2,1,'false'),(187,273,'28','421.28',5,1,'true'),(188,124,'28','719.89',4,0,'false'),(189,204,'28','482.50',3,1,'true'),(190,168,'28','182.40',5,1,'false'),(191,300,'29','172.10',2,1,'true'),(192,154,'29','923.12',5,0,'false'),(193,119,'29','988.95',1,0,'true'),(194,247,'29','587.61',1,1,'false'),(195,194,'29','752.66',6,0,'true'),(196,193,'30','272.28',2,1,'false'),(197,172,'30','411.10',2,1,'true'),(198,225,'30','824.40',2,0,'false'),(199,194,'30','575.49',3,0,'true'),(200,246,'30','399.95',5,0,'false');



--Amenity

INSERT INTO ehotel.amenity (aid,amenity,rid)
VALUES (1,"TV",1),(2,"AC",2),(3,"Fridge",3),(4,"TV and AC",4),(5,"Fridge and mini-bar",5),(6,"AC and fridge",6),(7,"TV",7),(8,"AC",8),(9,"Fridge",9),(10,"TV and AC",10),(11,"Fridge and mini-bar",11),(12,"AC and fridge",12),(13,"TV",13),(14,"AC",14),(15,"Fridge",15),(16,"TV and AC",16),(17,"Fridge and mini-bar",17),(18,"AC and fridge",18),(19,"TV",19),(20,"AC",20),(21,"Fridge",21),(22,"TV and AC",22),(23,"Fridge and mini-bar",23),(24,"AC and fridge",24),(25,"TV",25),(26,"AC",26),(27,"Fridge",27),(28,"TV and AC",28),(29,"Fridge and mini-bar",29),(30,"AC and fridge",30),(31,"TV",31),(32,"AC",32),(33,"Fridge",33),(34,"TV and AC",34),(35,"Fridge and mini-bar",35),(36,"AC and fridge",36),(37,"TV",37),(38,"AC",38),(39,"Fridge",39),(40,"TV and AC",40),(41,"Fridge and mini-bar",41),(42,"AC and fridge",42),(43,"TV",43),(44,"AC",44),(45,"Fridge",45),(46,"TV and AC",46),(47,"Fridge and mini-bar",47),(48,"AC and fridge",48),(49,"TV",49),(50,"AC",50),(51,"Fridge",51),(52,"TV and AC",52),(53,"Fridge and mini-bar",53),(54,"AC and fridge",54),(55,"TV",55),(56,"AC",56),(57,"Fridge",57),(58,"TV and AC",58),(59,"Fridge and mini-bar",59),(60,"AC and fridge",60),(61,"TV",61),(62,"AC",62),(63,"Fridge",63),(64,"TV and AC",64),(65,"Fridge and mini-bar",65),(66,"AC and fridge",66),(67,"TV",67),(68,"AC",68),(69,"Fridge",69),(70,"TV and AC",70),(71,"Fridge and mini-bar",71),(72,"AC and fridge",72),(73,"TV",73),(74,"AC",74),(75,"Fridge",75),(76,"TV and AC",76),(77,"Fridge and mini-bar",77),(78,"AC and fridge",78),(79,"TV",79),(80,"AC",80),(81,"Fridge",81),(82,"TV and AC",82),(83,"Fridge and mini-bar",83),(84,"AC and fridge",84),(85,"TV",85),(86,"AC",86),(87,"Fridge",87),(88,"TV and AC",88),(89,"Fridge and mini-bar",89),(90,"AC and fridge",90),(91,"TV",91),(92,"AC",92),(93,"Fridge",93),(94,"TV and AC",94),(95,"Fridge and mini-bar",95),(96,"AC and fridge",96),(97,"TV",97),(98,"AC",98),(99,"Fridge",99),(100,"TV and AC",100),
(101,'TV',101),(102,'AC',102),(103,'Fridge',103),(104,'TV and AC',104),(105,'Fridge and mini-bar',105),(106,'AC and fridge',106),(107,'TV',107),(108,'AC',108),(109,'Fridge',109),(110,'TV and AC',110),(111,'Fridge and mini-bar',111),(112,'AC and fridge',112),(113,'TV',113),(114,'AC',114),(115,'Fridge',115),(116,'TV and AC',116),(117,'Fridge and mini-bar',117),(118,'AC and fridge',118),(119,'TV',119),(120,'AC',120),(121,'Fridge',121),(122,'TV and AC',122),(123,'Fridge and mini-bar',123),(124,'AC and fridge',124),(125,'TV',125),(126,'AC',126),(127,'Fridge',127),(128,'TV and AC',128),(129,'Fridge and mini-bar',129),(130,'AC and fridge',130),(131,'TV',131),(132,'AC',132),(133,'Fridge',133),(134,'TV and AC',134),(135,'Fridge and mini-bar',135),(136,'AC and fridge',136),(137,'TV',137),(138,'AC',138),(139,'Fridge',139),(140,'TV and AC',140),(141,'Fridge and mini-bar',141),(142,'AC and fridge',142),(143,'TV',143),(144,'AC',144),(145,'Fridge',145),(146,'TV and AC',146),(147,'Fridge and mini-bar',147),(148,'AC and fridge',148),(149,'TV',149),(150,'AC',150),(151,'Fridge',151),(152,'TV and AC',152),(153,'Fridge and mini-bar',153),(154,'AC and fridge',154),(155,'TV',155),(156,'AC',156),(157,'Fridge',157),(158,'TV and AC',158),(159,'Fridge and mini-bar',159),(160,'AC and fridge',160),(161,'TV',161),(162,'AC',162),(163,'Fridge',163),(164,'TV and AC',164),(165,'Fridge and mini-bar',165),(166,'AC and fridge',166),(167,'TV',167),(168,'AC',168),(169,'Fridge',169),(170,'TV and AC',170),(171,'Fridge and mini-bar',171),(172,'AC and fridge',172),(173,'TV',173),(174,'AC',174),(175,'Fridge',175),(176,'TV and AC',176),(177,'Fridge and mini-bar',177),(178,'AC and fridge',178),(179,'TV',179),(180,'AC',180),(181,'Fridge',181),(182,'TV and AC',182),(183,'Fridge and mini-bar',183),(184,'AC and fridge',184),(185,'TV',185),(186,'AC',186),(187,'Fridge',187),(188,'TV and AC',188),(189,'Fridge and mini-bar',189),(190,'AC and fridge',190),(191,'TV',191),(192,'AC',192),(193,'Fridge',193),(194,'TV and AC',194),(195,'Fridge and mini-bar',195),(196,'AC and fridge',196),(197,'TV',197),(198,'AC',198),(199,'Fridge',199),(200,'TV and AC',200);


--damage
--NEED TO WRITE ACTUAL DAMAGES TODO

INSERT INTO ehotel.damage (did,amenity,rid) 
VALUES (1,'TODO',146),
(2,'TODO',102),
(3,'TODO',191),
(4,'TODO',19),
(5,'TODO',34),
(6,'TODO',156),
(7,'TODO',4),
(8,'TODO',48),
(9,'TODO',135),
(10,'TODO',108);



--hotelChainPhone

INSERT INTO ehotel.hotelchainphone (phone_number,hcid) 
VALUES ('(770) 569-2636',1),('(756) 484-4506',1),
('(226) 901-1468',2),('(273) 503-7690',2),
('(661) 865-6930',3),('(582) 571-8083',3),
('(526) 329-5266',4),('(230) 196-4059',4),
('(686) 845-0384',5),('(401) 322-1122',5);


--hotelChainEmail

INSERT INTO ehotel.hotelchainemail (email,hcid)
VALUES ('gravida.mauris@convallisincursus.ca',1),('amet.nulla@at.org',1),
('pede.Cum.sociis@sedsapienNunc.co.uk',2),('dolor@justoPraesent.com',2),
('nunc.sed@Curabituregestasnunc.edu',3),('ultrices.Vivamus@Fuscediamnunc.edu',3),
('vitae@blanditenimconsequat.ca',4),('sapien.Nunc@massarutrum.ca',4),
('semper.dui.lectus@tinciduntpedeac.net',5),('sagittis.felis.Donec@Vestibulum.co.uk',5);


--hotelPhone

INSERT INTO ehotel.hotelphone (phone_number,hid)
VALUES ('(851) 294-2076','1'),('(883) 927-0977','2'),('(646) 203-4091','3'),('(217) 595-7972','4'),('(990) 527-1501','5'),('(777) 276-2699','6'),('(647) 959-9878','7'),('(849) 272-6362','8'),('(847) 413-5707','9'),('(863) 259-1297','10'),('(644) 625-2027','11'),('(676) 776-8169','12'),('(815) 598-5520','13'),('(113) 157-9349','14'),('(357) 804-1699','15'),('(993) 641-7929','16'),('(421) 805-9220','17'),('(474) 526-8948','18'),('(876) 479-5313','19'),('(196) 868-5078','20'),('(796) 788-9480','21'),('(443) 712-6988','22'),('(559) 950-1978','23'),('(656) 980-5985','24'),('(106) 937-6792','25'),('(702) 586-7273','26'),('(361) 823-3321','27'),('(898) 478-9523','28'),('(799) 568-4104','29'),('(570) 437-0405','30'),('(524) 179-6086','31'),('(642) 249-5915','32'),('(147) 111-1356','33'),('(746) 993-9878','34'),('(575) 360-4416','35'),('(934) 270-0518','36'),('(817) 710-2925','37'),('(377) 909-6384','38'),('(675) 242-7495','39'),('(488) 257-1117','40');



--MISSING:
--booking + bookingARC
--Customer + employee + person
--renting + rentingARC
--role


